Pantry Name,Address,Monday Hours,Tuesday Hours,Wednesday Hours,Thursday Hours,Friday Hours,Saturday Hours,Sunday Hours,Recurring Hours,Age requirement,What to Bring,Wheelchair accessible?,How to Get Food,How Often You Can Visit?,Who Can Get Food,Languages,Link
Helping Hands @ Bourbon First UMC,"204 N Washington St, Bourbon, IN 46504",,,1:00 pm - 3:00 pm,,,,,Monday: Hours currently Unavailable | Tuesday: Hours currently Unavailable | Wednesday: 1:00 pm - 3:00 pm | Thursday: Hours currently Unavailable | Friday: Hours currently Unavailable | Saturday: Hours currently Unavailable | Sunday: Hours currently Unavailable,All ages welcome,,,,,,English,"https://www.google.com/maps/search/?api=1&query=204 N Washington St, Bourbon, IN 46504"
Culver Community Pantry,"307 N Plymouth St, Culver, IN 46511",,10:00 am - 12:00 pm,,,,,,Monday: Hours currently Unavailable | Tuesday: 10:00 am - 12:00 pm | Wednesday: Hours currently Unavailable | Thursday: Hours currently Unavailable | Friday: Hours currently Unavailable | Saturday: Hours currently Unavailable | Sunday: Hours currently Unavailable,All ages welcome,,,,,Students and families in school district: Culver Community School District,English,"https://www.google.com/maps/search/?api=1&query=307 N Plymouth St, Culver, IN 46511"
Lifepoint Church Inc.,"1006 S 16th St, Goshen, IN 46526",8:30 am - 12:00 pm,8:30 am - 12:00 pm,8:30 am - 12:00 pm,8:30 am - 12:00 pm,,,,Monday: 8:30 am - 12:00 pm | Tuesday: 8:30 am - 12:00 pm | Wednesday: 8:30 am - 12:00 pm | Thursday: 8:30 am - 12:00 pm | Friday: Hours currently Unavailable | Saturday: Hours currently Unavailable | Sunday: Hours currently Unavailable,All ages welcome,,,,,Open to all,English,"https://www.google.com/maps/search/?api=1&query=1006 S 16th St, Goshen, IN 46526"
East Goshen Mennonite Food Pantry/Bread Of Life,"2019 E Lincoln Ave, Goshen, IN 46528",,9:00 am - 12:00 pm,,,,,,Monday: Hours currently Unavailable | Tuesday: 9:00 am - 12:00 pm | Wednesday: Hours currently Unavailable | Thursday: Hours currently Unavailable | Friday: Hours currently Unavailable | Saturday: Hours currently Unavailable | Sunday: Hours currently Unavailable,All ages welcome,"One photo ID or document showing proof of address (mail, lease, rent receipt) required",Yes,Drive up | Walk in,,City residents only: Goshen Residents Only,English,"https://www.google.com/maps/search/?api=1&query=2019 E Lincoln Ave, Goshen, IN 46528"
The Window Food Pantry,"223 S Main St, Goshen, IN 46526",1:00 pm - 3:30 pm,9:00 am - 10:30 am,,"9:00 am - 10:30 am, 3:00 pm - 5:00 pm",1:00 pm - 1:30 pm,,,"Monday: 1:00 pm - 3:30 pm | Tuesday: 9:00 am - 10:30 am | Wednesday: Hours currently Unavailable | Thursday: 9:00 am - 10:30 am, 3:00 pm - 5:00 pm | Friday: 1:00 pm - 1:30 pm | Saturday: Hours currently Unavailable | Sunday: Hours currently Unavailable",All ages welcome,,Yes,,Once per month,County residents only: Elkhart County,English,"https://www.google.com/maps/search/?api=1&query=223 S Main St, Goshen, IN 46526"
The Window - Katie's Kitchen,"223 S Main St, Goshen, IN 46526",1:00 pm - 4:00 pm,"1:00 pm - 4:00 pm, 9:00 am - 10:30 am",1:00 pm - 4:00 pm,"1:00 pm - 6:00 pm, 9:00 am - 10:30 am",1:00 pm - 4:00 pm,,,"Monday: 1:00 pm - 4:00 pm | Tuesday: 1:00 pm - 4:00 pm, 9:00 am - 10:30 am | Wednesday: 1:00 pm - 4:00 pm | Thursday: 1:00 pm - 6:00 pm, 9:00 am - 10:30 am | Friday: 1:00 pm - 4:00 pm | Saturday: Hours currently Unavailable | Sunday: Hours currently Unavailable",All ages welcome,,,,,County residents only: Elkhart County,English,"https://www.google.com/maps/search/?api=1&query=223 S Main St, Goshen, IN 46526"
Goshen Salvation Army,"1013 N Main St, Goshen, IN 46528","9:00 am - 12:00 pm, 1:00 pm - 4:00 pm","9:00 am - 12:00 pm, 1:00 pm - 4:00 pm","9:00 am - 12:00 pm, 1:00 pm - 4:00 pm","9:00 am - 12:00 pm, 1:00 pm - 4:00 pm","9:00 am - 12:00 pm, 1:00 pm - 4:00 pm",,,"Monday: 9:00 am - 12:00 pm, 1:00 pm - 4:00 pm | Tuesday: 9:00 am - 12:00 pm, 1:00 pm - 4:00 pm | Wednesday: 9:00 am - 12:00 pm, 1:00 pm - 4:00 pm | Thursday: 9:00 am - 12:00 pm, 1:00 pm - 4:00 pm | Friday: 9:00 am - 12:00 pm, 1:00 pm - 4:00 pm | Saturday: Hours currently Unavailable | Sunday: Hours currently Unavailable",All ages welcome,State-issued photo ID required,,Walk in,,"City residents only: Goshen, New Paris, Millersburg, Nappanee, and Wakarusa | Within boundaries",English,"https://www.google.com/maps/search/?api=1&query=1013 N Main St, Goshen, IN 46528"
Country Church,"2951 9B Rd, Bourbon, IN 46504",,,,,,,,Monday: Hours currently Unavailable | Tuesday: Hours currently Unavailable | Wednesday: Hours currently Unavailable | Thursday: Hours currently Unavailable | Friday: Hours currently Unavailable | Saturday: Hours currently Unavailable | Sunday: Hours currently Unavailable,All ages welcome,,,,,Open to all,English,"https://www.google.com/maps/search/?api=1&query=2951 9B Rd, Bourbon, IN 46504"
Grace Food Pantry Of Bremen,"1237 W Plymouth St, Bremen, IN 46506",,,,,,,,Monday: Hours currently Unavailable | Tuesday: Hours currently Unavailable | Wednesday: Hours currently Unavailable | Thursday: Hours currently Unavailable | Friday: Hours currently Unavailable | Saturday: Hours currently Unavailable | Sunday: Hours currently Unavailable,All ages welcome,,,,,County residents only: Marshall County,English,"https://www.google.com/maps/search/?api=1&query=1237 W Plymouth St, Bremen, IN 46506"
Nappanee Open Door Pantry,"292 S Main St, Nappanee, IN 46550",9:00 am - 11:00 am,9:00 am - 11:00 am,"9:00 am - 11:00 am, 4:00 pm - 6:00 pm",9:00 am - 11:00 am,9:00 am - 11:00 am,,,"Monday: 9:00 am - 11:00 am | Tuesday: 9:00 am - 11:00 am | Wednesday: 9:00 am - 11:00 am, 4:00 pm - 6:00 pm | Thursday: 9:00 am - 11:00 am | Friday: 9:00 am - 11:00 am | Saturday: Hours currently Unavailable | Sunday: Hours currently Unavailable",All ages welcome,,,,,Students and families in school district: WaNee School District,English,"https://www.google.com/maps/search/?api=1&query=292 S Main St, Nappanee, IN 46550"
Family Christian Development Center,"107 E Marion St., Nappanee, IN 46550",,1:00 pm - 3:45 pm,,1:00 pm - 6:00 pm,,,,Monday: Hours currently Unavailable | Tuesday: 1:00 pm - 3:45 pm | Wednesday: Hours currently Unavailable | Thursday: 1:00 pm - 6:00 pm | Friday: Hours currently Unavailable | Saturday: Hours currently Unavailable | Sunday: Hours currently Unavailable,All ages welcome,,Yes,,,Students and families in school district,English,"https://www.google.com/maps/search/?api=1&query=107 E Marion St., Nappanee, IN 46550"
The Center Food Pantry,"107 E Marion St, Nappanee, IN 46550",,1:00 pm - 3:45 pm,,1:00 pm - 6:00 pm,,,,Monday: Hours currently Unavailable | Tuesday: 1:00 pm - 3:45 pm | Wednesday: Hours currently Unavailable | Thursday: 1:00 pm - 6:00 pm | Friday: Hours currently Unavailable | Saturday: Hours currently Unavailable | Sunday: Hours currently Unavailable,All ages welcome,,,,,Students and families in school district,English,"https://www.google.com/maps/search/?api=1&query=107 E Marion St, Nappanee, IN 46550"
Nappanee Church of the Brethren,"301 Mack Drive, Nappanee, IN 46650",4:30 pm - 5:30 pm,Closed,Closed,4:30 pm - 5:30 pm,Closed,Closed,Closed,Monday: 4:30 pm - 5:30 pm | Tuesday: Closed | Wednesday: Closed | Thursday: 4:30 pm - 5:30 pm | Friday: Closed | Saturday: Closed | Sunday: Closed,All ages welcome,No documents required,Yes,Walk in,,Open to all,English,"https://www.google.com/maps/search/?api=1&query=301 Mack Drive, Nappanee, IN 46650"
Eagle Creek Church Of Christ - Joseph Plan Food Pantry,"6770 N. Michigan Rd., Plymouth, IN 46514",,,,,,,,Monday: Hours currently Unavailable | Tuesday: Hours currently Unavailable | Wednesday: Hours currently Unavailable | Thursday: Hours currently Unavailable | Friday: Hours currently Unavailable | Saturday: Hours currently Unavailable | Sunday: Hours currently Unavailable,All ages welcome,State-issued photo ID required,,Walk in,,Within boundaries: N-71st St./Westlane Rd.; S-62nd St./Michigan Rd./64th St.; E-Grandview St.; W-Guion Rd.,English,"https://www.google.com/maps/search/?api=1&query=6770 N. Michigan Rd., Plymouth, IN 46514"
Bristol Community Food Pantry,"101 W Vistula St, Bristol, IN 46507",,,,,,,,Monday: Hours currently Unavailable | Tuesday: Hours currently Unavailable | Wednesday: Hours currently Unavailable | Thursday: Hours currently Unavailable | Friday: Hours currently Unavailable | Saturday: Hours currently Unavailable | Sunday: Hours currently Unavailable,All ages welcome,"One document showing proof of address (mail, lease, rent receipt) required",Yes,Walk in,Once per month,Township residents only: Washington Township,Spanish,"https://www.google.com/maps/search/?api=1&query=101 W Vistula St, Bristol, IN 46507"
Middlebury Food Pantry,"13307 Co Rd 16, Middlebury, IN 46540",,,,,,8:30 am - 11:00 am,,Monday: Hours currently Unavailable | Tuesday: Hours currently Unavailable | Wednesday: Hours currently Unavailable | Thursday: Hours currently Unavailable | Friday: Hours currently Unavailable | Saturday: 8:30 am - 11:00 am | Sunday: Hours currently Unavailable,All ages welcome,State-issued photo ID required,,Drive up,Once per month,Open to all,English,"https://www.google.com/maps/search/?api=1&query=13307 Co Rd 16, Middlebury, IN 46540"
Heart City Health,"236 Simpson Ave, Elkhart, IN 46516",9:00 am - 3:00 pm,9:00 am - 3:00 pm,9:00 am - 3:00 pm,9:00 am - 3:00 pm,9:00 am - 3:00 pm,,,Monday: 9:00 am - 3:00 pm | Tuesday: 9:00 am - 3:00 pm | Wednesday: 9:00 am - 3:00 pm | Thursday: 9:00 am - 3:00 pm | Friday: 9:00 am - 3:00 pm | Saturday: Hours currently Unavailable | Sunday: Hours currently Unavailable,All ages welcome,No documents required,Yes,,,,Spanish | On call interpreters,"https://www.google.com/maps/search/?api=1&query=236 Simpson Ave, Elkhart, IN 46516"
Elkhart Salvation Army,"300 N Main St, Elkhart, IN 46516",1:00 pm - 3:00 pm,,8:30 am - 11:45 am,,7:00 am - 3:00 pm,,,Monday: 1:00 pm - 3:00 pm | Tuesday: Hours currently Unavailable | Wednesday: 8:30 am - 11:45 am | Thursday: Hours currently Unavailable | Friday: 7:00 am - 3:00 pm | Saturday: Hours currently Unavailable | Sunday: Hours currently Unavailable,All ages welcome,"State-issued photo ID required | One document showing proof of address (mail, lease, rent receipt) required | Birth certificates are required for all household members",Yes,,,,English,"https://www.google.com/maps/search/?api=1&query=300 N Main St, Elkhart, IN 46516"
God's Kitchen,"216 N 2nd St, Elkhart, IN 46516",,5:00 pm - 6:00 pm,,5:00 pm - 6:00 pm,,,,Monday: Hours currently Unavailable | Tuesday: 5:00 pm - 6:00 pm | Wednesday: Hours currently Unavailable | Thursday: 5:00 pm - 6:00 pm | Friday: Hours currently Unavailable | Saturday: Hours currently Unavailable | Sunday: Hours currently Unavailable,All ages welcome,,,,,Open to all,English,"https://www.google.com/maps/search/?api=1&query=216 N 2nd St, Elkhart, IN 46516"
Guidance Ministries,"216 N. 2nd St., Elkhart, IN 46516",Closed,12:00 pm - 3:30 pm,Closed,Closed,Closed,Closed,Closed,Monday: Closed | Tuesday: 12:00 pm - 3:30 pm | Wednesday: Closed | Thursday: Closed | Friday: Closed | Saturday: Closed | Sunday: Closed,All ages welcome,State-issued photo ID required | Birth certificates are required for all household members,,Walk in,,County residents only: Elkhart County,English,"https://www.google.com/maps/search/?api=1&query=216 N. 2nd St., Elkhart, IN 46516"
St. John's Episcopal,"226 West Lexington Ave., Elkhart, IN 46516",Closed,Closed,8:30 am - 10:00 am,Closed,Closed,8:30 am - 10:00 am,Closed,Monday: Closed | Tuesday: Closed | Wednesday: 8:30 am - 10:00 am | Thursday: Closed | Friday: Closed | Saturday: 8:30 am - 10:00 am | Sunday: Closed,All ages welcome,State-issued photo ID required,,Walk in,,Open to all,English,"https://www.google.com/maps/search/?api=1&query=226 West Lexington Ave., Elkhart, IN 46516"
Faith Mission,"801 Benham Ave, Elkhart, IN 46516","12:30 pm - 1:00 pm, 5:00 pm - 5:30 pm","12:30 pm - 1:00 pm, 5:00 pm - 5:30 pm","12:30 pm - 1:00 pm, 5:00 pm - 5:30 pm","12:30 pm - 1:00 pm, 5:00 pm - 5:30 pm","12:30 pm - 1:00 pm, 5:00 pm - 5:30 pm","12:30 pm - 1:00 pm, 5:00 pm - 5:30 pm","12:30 pm - 1:00 pm, 5:00 pm - 5:30 pm","Monday: 12:30 pm - 1:00 pm, 5:00 pm - 5:30 pm | Tuesday: 12:30 pm - 1:00 pm, 5:00 pm - 5:30 pm | Wednesday: 12:30 pm - 1:00 pm, 5:00 pm - 5:30 pm | Thursday: 12:30 pm - 1:00 pm, 5:00 pm - 5:30 pm | Friday: 12:30 pm - 1:00 pm, 5:00 pm - 5:30 pm | Saturday: 12:30 pm - 1:00 pm, 5:00 pm - 5:30 pm | Sunday: 12:30 pm - 1:00 pm, 5:00 pm - 5:30 pm",All ages welcome,,,,,Open to all,English,"https://www.google.com/maps/search/?api=1&query=801 Benham Ave, Elkhart, IN 46516"
Shepherd's Cove Food Pantry,"1010 E Mishawaka Road, Elkhart, IN 46517",,,,,,,,Monday: Hours currently Unavailable | Tuesday: Hours currently Unavailable | Wednesday: Hours currently Unavailable | Thursday: Hours currently Unavailable | Friday: Hours currently Unavailable | Saturday: Hours currently Unavailable | Sunday: Hours currently Unavailable,All ages welcome,State-issued photo ID required,,Walk in,Once per month,County residents only: Elkhart County,English,"https://www.google.com/maps/search/?api=1&query=1010 E Mishawaka Road, Elkhart, IN 46517"
Kingdom Business Almsgiving International Ministries Food Pantry in New Creation,"24255 Huron St, South Bend, IN 46619",,,,,,,,Monday: Hours currently Unavailable | Tuesday: Hours currently Unavailable | Wednesday: Hours currently Unavailable | Thursday: Hours currently Unavailable | Friday: Hours currently Unavailable | Saturday: Hours currently Unavailable | Sunday: Hours currently Unavailable,All ages welcome,No documents required,Yes,Walk in,Twice per month,Open to all,On call interpreters,"https://www.google.com/maps/search/?api=1&query=24255 Huron St, South Bend, IN 46619"
Hand 2 Hand Pantry,"4614 W Western Ave, South Bend, IN 46619",,,,,,,,Monday: Hours currently Unavailable | Tuesday: Hours currently Unavailable | Wednesday: Hours currently Unavailable | Thursday: Hours currently Unavailable | Friday: Hours currently Unavailable | Saturday: Hours currently Unavailable | Sunday: Hours currently Unavailable,All ages welcome,State-issued photo ID required,,Drive up,,Open to all,English,"https://www.google.com/maps/search/?api=1&query=4614 W Western Ave, South Bend, IN 46619"
God's Grace Food Pantry Of Laymen Chapel CME,"303 South Kenmore St., South Bend, IN 46619",,,,,,,,Monday: Hours currently Unavailable | Tuesday: Hours currently Unavailable | Wednesday: Hours currently Unavailable | Thursday: Hours currently Unavailable | Friday: Hours currently Unavailable | Saturday: Hours currently Unavailable | Sunday: Hours currently Unavailable,All ages welcome,Birth certificates are required for all household members,,Walk in,Once per month,Open to all,English,"https://www.google.com/maps/search/?api=1&query=303 South Kenmore St., South Bend, IN 46619"
New Carlisle Community Food Pantry,"300 Compton St, New Carlisle, IN 46552",Closed,Closed,Closed,Closed,10:00 am - 12:00 pm,Closed,Closed,Monday: Closed | Tuesday: Closed | Wednesday: Closed | Thursday: Closed | Friday: 10:00 am - 12:00 pm | Saturday: Closed | Sunday: Closed,All ages welcome,No documents required,,Drive up,,County residents only: St. Joseph County & LaPorte County,English,"https://www.google.com/maps/search/?api=1&query=300 Compton St, New Carlisle, IN 46552"
Greater St. John Missionary Baptist Church,"101 N. Adams St., South Bend, IN 46628",10:00 am - 11:00 am,Closed,Closed,Closed,Closed,Closed,Closed,Monday: 10:00 am - 11:00 am | Tuesday: Closed | Wednesday: Closed | Thursday: Closed | Friday: Closed | Saturday: Closed | Sunday: Closed,All ages welcome,"One document showing proof of address (mail, lease, rent receipt) required",,Walk in,Once per month,Open to all,English,"https://www.google.com/maps/search/?api=1&query=101 N. Adams St., South Bend, IN 46628"
Christ Temple Apostolic,"2307 Elwood Ave, South Bend, IN 46628",Closed,Closed,Closed,Closed,Closed,Closed,Closed,Monday: Closed | Tuesday: Closed | Wednesday: Closed | Thursday: Closed | Friday: Closed | Saturday: Closed | Sunday: Closed,All ages welcome,No documents required,,Drive up,,Residents in zip code: 46628,English,"https://www.google.com/maps/search/?api=1&query=2307 Elwood Ave, South Bend, IN 46628"
Community Food Pantry of St Joseph County,"702 Chapin St, South Bend, IN 46601",9:00 am - 2:00 pm,Closed,11:00 am - 5:00 pm,Closed,9:00 am - 2:00 pm,Closed,Closed,Monday: 9:00 am - 2:00 pm | Tuesday: Closed | Wednesday: 11:00 am - 5:00 pm | Thursday: Closed | Friday: 9:00 am - 2:00 pm | Saturday: Closed | Sunday: Closed,All ages welcome,"One photo ID or document showing proof of address (mail, lease, rent receipt) required",,Walk in,Once per month,County residents only: St Joseph and surrounding counties,English,"https://www.google.com/maps/search/?api=1&query=702 Chapin St, South Bend, IN 46601"
Church Without Walls,"731 Wagner Ave., Elkhart, IN 46516",Closed,Closed,Closed,10:00 am - 12:00 pm,Closed,Closed,Closed,Monday: Closed | Tuesday: Closed | Wednesday: Closed | Thursday: 10:00 am - 12:00 pm | Friday: Closed | Saturday: Closed | Sunday: Closed,All ages welcome,State-issued photo ID required,,Drive up,Once per month,County residents only: Elkhart County,English,"https://www.google.com/maps/search/?api=1&query=731 Wagner Ave., Elkhart, IN 46516"
Church Community Services,"907 Oakland Ave., Elkhart, IN 46516",11:00 am - 3:00 pm,,11:00 am - 3:00 pm,"11:00 am - 3:00 pm, 4:00 pm - 7:00 pm",,,,"Monday: 11:00 am - 3:00 pm | Tuesday: Hours currently Unavailable | Wednesday: 11:00 am - 3:00 pm | Thursday: 11:00 am - 3:00 pm, 4:00 pm - 7:00 pm | Friday: Hours currently Unavailable | Saturday: Hours currently Unavailable | Sunday: Hours currently Unavailable",All ages welcome,No documents required,Yes,Walk in,,County residents only: Elkhart County,Spanish | English,"https://www.google.com/maps/search/?api=1&query=907 Oakland Ave., Elkhart, IN 46516"
Susanna's Kitchen,"831 W Marion St, Elkhart, IN 46516",11:00 am - 12:00 pm,11:00 am - 12:00 pm,11:00 am - 12:00 pm,11:00 am - 12:00 pm,11:00 am - 12:00 pm,,,Monday: 11:00 am - 12:00 pm | Tuesday: 11:00 am - 12:00 pm | Wednesday: 11:00 am - 12:00 pm | Thursday: 11:00 am - 12:00 pm | Friday: 11:00 am - 12:00 pm | Saturday: Hours currently Unavailable | Sunday: Hours currently Unavailable,All ages welcome,No documents required,Yes,Walk in,,Open to all,English,"https://www.google.com/maps/search/?api=1&query=831 W Marion St, Elkhart, IN 46516"
Radiant Life Church,"54820 Co Rd. 1, Elkhart, IN 46514",,,,,,,,Monday: Hours currently Unavailable | Tuesday: Hours currently Unavailable | Wednesday: Hours currently Unavailable | Thursday: Hours currently Unavailable | Friday: Hours currently Unavailable | Saturday: Hours currently Unavailable | Sunday: Hours currently Unavailable,All ages welcome,State-issued photo ID required,Yes,Walk in,,County residents only: Elkhart County,Spanish,"https://www.google.com/maps/search/?api=1&query=54820 Co Rd. 1, Elkhart, IN 46514"
Clay Church Food Pantry,"17646 Cleveland Rd., South Bend, IN 46635",12:00 pm - 3:00 pm,Closed,Closed,9:00 am - 12:00 pm,Closed,Closed,Closed,Monday: 12:00 pm - 3:00 pm | Tuesday: Closed | Wednesday: Closed | Thursday: 9:00 am - 12:00 pm | Friday: Closed | Saturday: Closed | Sunday: Closed,All ages welcome,"State-issued photo ID required | One document showing proof of address (mail, lease, rent receipt) required",Yes,Drive up,,County residents only: St. Joseph County,Spanish,"https://www.google.com/maps/search/?api=1&query=17646 Cleveland Rd., South Bend, IN 46635"
Praise Fellowship / Needs for Neighbors,"54301 Maple Ln, South Bend, IN 46635",,,,,,,,Monday: Hours currently Unavailable | Tuesday: Hours currently Unavailable | Wednesday: Hours currently Unavailable | Thursday: Hours currently Unavailable | Friday: Hours currently Unavailable | Saturday: Hours currently Unavailable | Sunday: Hours currently Unavailable,All ages welcome,"State-issued photo ID required | One photo ID or document showing proof of address (mail, lease, rent receipt) required",,Walk in,,,English,"https://www.google.com/maps/search/?api=1&query=54301 Maple Ln, South Bend, IN 46635"
"Mac Pantry, Albright United Methodist Church","504 W Mishawaka Ave, Mishawaka, IN 46545",,6:00 pm - 7:30 pm,,,10:00 am - 11:30 am,,,Monday: Hours currently Unavailable | Tuesday: 6:00 pm - 7:30 pm | Wednesday: Hours currently Unavailable | Thursday: Hours currently Unavailable | Friday: 10:00 am - 11:30 am | Saturday: Hours currently Unavailable | Sunday: Hours currently Unavailable,All ages welcome,,,,,"Residents in zip code: 46544, 46545,46561, 46530, 46615",English,"https://www.google.com/maps/search/?api=1&query=504 W Mishawaka Ave, Mishawaka, IN 46545"
Mishawaka Food Pantry,"315 Lincolnway W, Mishawaka, IN 46544",10:00 am - 2:00 pm,10:00 am - 2:00 pm,10:00 am - 2:00 pm,10:00 am - 2:00 pm,10:00 am - 2:00 pm,,,Monday: 10:00 am - 2:00 pm | Tuesday: 10:00 am - 2:00 pm | Wednesday: 10:00 am - 2:00 pm | Thursday: 10:00 am - 2:00 pm | Friday: 10:00 am - 2:00 pm | Saturday: Hours currently Unavailable | Sunday: Hours currently Unavailable,All ages welcome,"State-issued photo ID required | One document showing proof of address (mail, lease, rent receipt) required | Proof of Income",,,,"Residents in zip code: 46544, 46545, 46561, 46530",English,"https://www.google.com/maps/search/?api=1&query=315 Lincolnway W, Mishawaka, IN 46544"
Saving Grace Advocacy,"405 W Beardsley Ave, Elkhart, IN 46514",,,5:30 pm - 6:30 pm,,,,,Monday: Hours currently Unavailable | Tuesday: Hours currently Unavailable | Wednesday: 5:30 pm - 6:30 pm | Thursday: Hours currently Unavailable | Friday: Hours currently Unavailable | Saturday: Hours currently Unavailable | Sunday: Hours currently Unavailable,All ages welcome,No documents required,,Walk in,,Open to all,English,"https://www.google.com/maps/search/?api=1&query=405 W Beardsley Ave, Elkhart, IN 46514"
First Brethren Church of South Bend,"4909 S Ironwood Dr, South Bend, IN 46614",,,,,,,,Monday: Hours currently Unavailable | Tuesday: Hours currently Unavailable | Wednesday: Hours currently Unavailable | Thursday: Hours currently Unavailable | Friday: Hours currently Unavailable | Saturday: Hours currently Unavailable | Sunday: Hours currently Unavailable,All ages welcome,State-issued photo ID required,,Drive up,Once per month,County residents only: St Joseph County,English,"https://www.google.com/maps/search/?api=1&query=4909 S Ironwood Dr, South Bend, IN 46614"
Catholic Charities,"1817 Miami Street, South Bend, IN 46613",Closed,Closed,"10:00 am - 12:00 pm, 5:00 pm - 7:00 pm",Closed,Closed,Closed,Closed,"Monday: Closed | Tuesday: Closed | Wednesday: 10:00 am - 12:00 pm, 5:00 pm - 7:00 pm | Thursday: Closed | Friday: Closed | Saturday: Closed | Sunday: Closed",All ages welcome,,,Walk in,,County residents only: St Joseph County,English,"https://www.google.com/maps/search/?api=1&query=1817 Miami Street, South Bend, IN 46613"
Broadway Christian Parish,"1412 Carroll St, South Bend, IN 46613",,8:30 am - 10:30 am,8:30 am - 10:30 am,8:30 am - 10:30 am,,,,Monday: Hours currently Unavailable | Tuesday: 8:30 am - 10:30 am | Wednesday: 8:30 am - 10:30 am | Thursday: 8:30 am - 10:30 am | Friday: Hours currently Unavailable | Saturday: Hours currently Unavailable | Sunday: Hours currently Unavailable,All ages welcome,State-issued photo ID required,Yes,Walk in,,,undefined,"https://www.google.com/maps/search/?api=1&query=1412 Carroll St, South Bend, IN 46613"
Sunnyside Presbyterian Church,"115 S. Frances St., South Bend, IN 46617",9:30 am - 11:30 am,Closed,Closed,9:30 am - 11:30 am,Closed,Closed,Closed,Monday: 9:30 am - 11:30 am | Tuesday: Closed | Wednesday: Closed | Thursday: 9:30 am - 11:30 am | Friday: Closed | Saturday: Closed | Sunday: Closed,All ages welcome,No documents required,,Drive up,,Open to all,English,"https://www.google.com/maps/search/?api=1&query=115 S. Frances St., South Bend, IN 46617"
St. Vincent De Paul Society Of St. Joseph County,"520 Crescent Ave, South Bend, IN 46617",Closed,10:00 am - 2:00 pm,Closed,10:00 am - 2:00 pm,Closed,Closed,Closed,Monday: Closed | Tuesday: 10:00 am - 2:00 pm | Wednesday: Closed | Thursday: 10:00 am - 2:00 pm | Friday: Closed | Saturday: Closed | Sunday: Closed,All ages welcome,"One document showing proof of address (mail, lease, rent receipt) required | State-issued photo ID required",,Walk in,,County residents only: St Joseph County,English,"https://www.google.com/maps/search/?api=1&query=520 Crescent Ave, South Bend, IN 46617"
Faith Baptist Food Pantry,"925 Blaine Ave, South Bend, IN 46616",Closed,3:00 pm - 5:00 pm,Closed,Closed,Closed,Closed,Closed,Monday: Closed | Tuesday: 3:00 pm - 5:00 pm | Wednesday: Closed | Thursday: Closed | Friday: Closed | Saturday: Closed | Sunday: Closed,All ages welcome,No documents required,,,,"Residents in zip code: 46601, 46616, 46628",English,"https://www.google.com/maps/search/?api=1&query=925 Blaine Ave, South Bend, IN 46616"
Downtown Soup Kitchen,"333 N. Main Street, South Bend, IN 46601",11:30 am - 12:30 pm,Closed,11:30 am - 12:30 pm,Closed,11:30 am - 12:30 pm,Closed,Closed,Monday: 11:30 am - 12:30 pm | Tuesday: Closed | Wednesday: 11:30 am - 12:30 pm | Thursday: Closed | Friday: 11:30 am - 12:30 pm | Saturday: Closed | Sunday: Closed,All ages welcome,No documents required,Yes,Walk in,,Open to all,English,"https://www.google.com/maps/search/?api=1&query=333 N. Main Street, South Bend, IN 46601"
"First United Methodist Church, South Bend","333 N Main St, South Bend, IN 46601",11:30 am - 12:30 pm,Closed,11:30 am - 12:30 pm,Closed,11:30 am - 12:30 pm,Closed,Closed,Monday: 11:30 am - 12:30 pm | Tuesday: Closed | Wednesday: 11:30 am - 12:30 pm | Thursday: Closed | Friday: 11:30 am - 12:30 pm | Saturday: Closed | Sunday: Closed,All ages welcome,No documents required,Yes,Walk in,,Open to all,English,"https://www.google.com/maps/search/?api=1&query=333 N Main St, South Bend, IN 46601"
Berean Church,"601 W Colfax Ave, South Bend, IN 46601",,,,,,,,Monday: Hours currently Unavailable | Tuesday: Hours currently Unavailable | Wednesday: Hours currently Unavailable | Thursday: Hours currently Unavailable | Friday: Hours currently Unavailable | Saturday: Hours currently Unavailable | Sunday: Hours currently Unavailable,All ages welcome,State-issued photo ID required,,Walk in,,Open to all,English,"https://www.google.com/maps/search/?api=1&query=601 W Colfax Ave, South Bend, IN 46601"
St. Margaret's House Soup Kitchen,"117 N Lafayette Boulevard, South Bend, IN 46601",10:00 am - 4:00 pm,10:00 am - 4:00 pm,10:00 am - 4:00 pm,10:00 am - 4:00 pm,10:00 am - 4:00 pm,Closed,Closed,Monday: 10:00 am - 4:00 pm | Tuesday: 10:00 am - 4:00 pm | Wednesday: 10:00 am - 4:00 pm | Thursday: 10:00 am - 4:00 pm | Friday: 10:00 am - 4:00 pm | Saturday: Closed | Sunday: Closed,All ages welcome,No documents required,Yes,Walk in,,County residents only: Women only,Spanish,"https://www.google.com/maps/search/?api=1&query=117 N Lafayette Boulevard, South Bend, IN 46601"
St. Paul's Food Pantry,"1001 W. Colfax Ave., South Bend, IN 46616",,,,,,,,Monday: Hours currently Unavailable | Tuesday: Hours currently Unavailable | Wednesday: Hours currently Unavailable | Thursday: Hours currently Unavailable | Friday: Hours currently Unavailable | Saturday: Hours currently Unavailable | Sunday: Hours currently Unavailable,All ages welcome,"State-issued photo ID required | One document showing proof of address (mail, lease, rent receipt) required",,Walk in,,"Residents in zip code: 46616, 46601",English,"https://www.google.com/maps/search/?api=1&query=1001 W. Colfax Ave., South Bend, IN 46616"
Health Plus Indiana Pantry/AIDS Ministries,"201 S William St, South Bend, IN 46601",9:00 am - 4:00 pm,9:00 am - 4:00 pm,,9:00 am - 4:00 pm,9:00 am - 1:00 pm,,,Monday: 9:00 am - 4:00 pm | Tuesday: 9:00 am - 4:00 pm | Wednesday: Hours currently Unavailable | Thursday: 9:00 am - 4:00 pm | Friday: 9:00 am - 1:00 pm | Saturday: Hours currently Unavailable | Sunday: Hours currently Unavailable,All ages welcome,No documents required,Yes,,,,English | Spanish,"https://www.google.com/maps/search/?api=1&query=201 S William St, South Bend, IN 46601"
Hope Ministries/ Rescue Mission,"423 South Lafayette Blvd, South Bend, IN 46601","11:45 am - 12:45 pm, 6:45 pm - 7:30 pm","11:45 am - 12:45 pm, 6:45 pm - 7:30 pm","11:45 am - 12:45 pm, 6:45 pm - 7:30 pm","11:45 am - 12:45 pm, 6:45 pm - 7:30 pm","11:45 am - 12:45 pm, 6:45 pm - 7:30 pm",11:45 am - 12:45 pm,"11:45 am - 12:45 pm, 6:45 pm - 7:30 pm","Monday: 11:45 am - 12:45 pm, 6:45 pm - 7:30 pm | Tuesday: 11:45 am - 12:45 pm, 6:45 pm - 7:30 pm | Wednesday: 11:45 am - 12:45 pm, 6:45 pm - 7:30 pm | Thursday: 11:45 am - 12:45 pm, 6:45 pm - 7:30 pm | Friday: 11:45 am - 12:45 pm, 6:45 pm - 7:30 pm | Saturday: 11:45 am - 12:45 pm | Sunday: 11:45 am - 12:45 pm, 6:45 pm - 7:30 pm",All ages welcome,No documents required,Yes,Walk in,,Open to all,Spanish,"https://www.google.com/maps/search/?api=1&query=423 South Lafayette Blvd, South Bend, IN 46601"
Monroe Circle Community Center at Granger Community Church,"526 W Western Ave, South Bend, IN 46601",5:00 pm - 7:00 pm,,,,,,,Monday: 5:00 pm - 7:00 pm | Tuesday: Hours currently Unavailable | Wednesday: Hours currently Unavailable | Thursday: Hours currently Unavailable | Friday: Hours currently Unavailable | Saturday: Hours currently Unavailable | Sunday: Hours currently Unavailable,All ages welcome,No documents required,,Walk in,Twice per month,Residents in zip code: 46601,English,"https://www.google.com/maps/search/?api=1&query=526 W Western Ave, South Bend, IN 46601"
Salvation Army of South Bend,"900 West Western Ave, South Bend, IN 46601",9:00 am - 12:00 pm,9:00 am - 12:00 pm,Closed,Closed,9:00 am - 12:00 pm,Closed,Closed,Monday: 9:00 am - 12:00 pm | Tuesday: 9:00 am - 12:00 pm | Wednesday: Closed | Thursday: Closed | Friday: 9:00 am - 12:00 pm | Saturday: Closed | Sunday: Closed,All ages welcome,Birth certificates are required for all household members | Social security card required for all household members,,Walk in,,County residents only: St Joseph County,English,"https://www.google.com/maps/search/?api=1&query=900 West Western Ave, South Bend, IN 46601"
County Line Brethren Church,"69988 U.S. 31, Lakeville, IN 46536",Closed,Closed,Closed,Closed,Closed,Closed,Closed,Monday: Closed | Tuesday: Closed | Wednesday: Closed | Thursday: Closed | Friday: Closed | Saturday: Closed | Sunday: Closed,All ages welcome,No documents required,,Walk in,,"Residents in zip code: 46536, 46537",English,"https://www.google.com/maps/search/?api=1&query=69988 U.S. 31, Lakeville, IN 46536"
Abundant Faith Family Ministries,"1318 Lincoln Way W South Bend, IN 46628",,,,,,,,Monday: Hours currently Unavailable | Tuesday: Hours currently Unavailable | Wednesday: Hours currently Unavailable | Thursday: Hours currently Unavailable | Friday: Hours currently Unavailable | Saturday: Hours currently Unavailable | Sunday: Hours currently Unavailable,,,,,,,,"https://www.google.com/maps/search/?api=1&query=1318 Lincoln Way W South Bend, IN 46628"
Adult & Teen Challenge Northern Indiana,"1111 W. Bristol Street Elkhart, IN 46514",,,,,,,,Monday: Hours currently Unavailable | Tuesday: Hours currently Unavailable | Wednesday: Hours currently Unavailable | Thursday: Hours currently Unavailable | Friday: Hours currently Unavailable | Saturday: Hours currently Unavailable | Sunday: Hours currently Unavailable,,,,,,,,"https://www.google.com/maps/search/?api=1&query=1111 W. Bristol Street Elkhart, IN 46514"
Antioch Missionary Baptist Church,"1533 W. Ewing Avenue South Bend, IN 46613",,,,,,,,Monday: Hours currently Unavailable | Tuesday: Hours currently Unavailable | Wednesday: Hours currently Unavailable | Thursday: Hours currently Unavailable | Friday: Hours currently Unavailable | Saturday: Hours currently Unavailable | Sunday: Hours currently Unavailable,,,,,,,,"https://www.google.com/maps/search/?api=1&query=1533 W. Ewing Avenue South Bend, IN 46613"
Augustana Luthern Church,"1133 Kilbourn Street C Elkhart, IN 46514",,,,,,,,Monday: Hours currently Unavailable | Tuesday: Hours currently Unavailable | Wednesday: Hours currently Unavailable | Thursday: Hours currently Unavailable | Friday: Hours currently Unavailable | Saturday: Hours currently Unavailable | Sunday: Hours currently Unavailable,,,,,,,,"https://www.google.com/maps/search/?api=1&query=1133 Kilbourn Street C Elkhart, IN 46514"
Beacon Health Systems Community Impact,"710 N Niles Ave South Bend, IN 46617",,,,,,,,Monday: Hours currently Unavailable | Tuesday: Hours currently Unavailable | Wednesday: Hours currently Unavailable | Thursday: Hours currently Unavailable | Friday: Hours currently Unavailable | Saturday: Hours currently Unavailable | Sunday: Hours currently Unavailable,,,,,,,,"https://www.google.com/maps/search/?api=1&query=710 N Niles Ave South Bend, IN 46617"
Boys & Girls Club - Bremen,"700 W. South Street Bremen, IN 46506",,,,,,,,Monday: Hours currently Unavailable | Tuesday: Hours currently Unavailable | Wednesday: Hours currently Unavailable | Thursday: Hours currently Unavailable | Friday: Hours currently Unavailable | Saturday: Hours currently Unavailable | Sunday: Hours currently Unavailable,,,,,,,,"https://www.google.com/maps/search/?api=1&query=700 W. South Street Bremen, IN 46506"
Boys & Girls Club - Goshen,"306 Crescent Street Goshen, IN 46526",,,,,,,,Monday: Hours currently Unavailable | Tuesday: Hours currently Unavailable | Wednesday: Hours currently Unavailable | Thursday: Hours currently Unavailable | Friday: Hours currently Unavailable | Saturday: Hours currently Unavailable | Sunday: Hours currently Unavailable,,,,,,,,"https://www.google.com/maps/search/?api=1&query=306 Crescent Street Goshen, IN 46526"
Boys & Girls Club - Middlebury,"56805 Northridge Dr. Middlebury, IN 46540",,,,,,,,Monday: Hours currently Unavailable | Tuesday: Hours currently Unavailable | Wednesday: Hours currently Unavailable | Thursday: Hours currently Unavailable | Friday: Hours currently Unavailable | Saturday: Hours currently Unavailable | Sunday: Hours currently Unavailable,,,,,,,,"https://www.google.com/maps/search/?api=1&query=56805 Northridge Dr. Middlebury, IN 46540"
Boys & Girls Club - Nappanee,"900 E. Centennial Street Nappanee, IN 46550",,,,,,,,Monday: Hours currently Unavailable | Tuesday: Hours currently Unavailable | Wednesday: Hours currently Unavailable | Thursday: Hours currently Unavailable | Friday: Hours currently Unavailable | Saturday: Hours currently Unavailable | Sunday: Hours currently Unavailable,,,,,,,,"https://www.google.com/maps/search/?api=1&query=900 E. Centennial Street Nappanee, IN 46550"
Brady Center,"1027 McPherson Street, Elkhart, IN 46514",,,,,,,,Monday: Hours currently Unavailable | Tuesday: Hours currently Unavailable | Wednesday: Hours currently Unavailable | Thursday: Hours currently Unavailable | Friday: Hours currently Unavailable | Saturday: Hours currently Unavailable | Sunday: Hours currently Unavailable,,,,,,,,"https://www.google.com/maps/search/?api=1&query=1027 McPherson Street, Elkhart, IN 46514"
Bread of Life,"6770 N Michigan Road Plymouth, IN 46563",,,,,,,,Monday: Hours currently Unavailable | Tuesday: Hours currently Unavailable | Wednesday: Hours currently Unavailable | Thursday: Hours currently Unavailable | Friday: Hours currently Unavailable | Saturday: Hours currently Unavailable | Sunday: Hours currently Unavailable,,,,,,,,"https://www.google.com/maps/search/?api=1&query=6770 N Michigan Road Plymouth, IN 46563"
Calvary United Methodist Church,"2222 W. Indiana Avenue Elkhart, IN 46516",,,,,,,,Monday: Hours currently Unavailable | Tuesday: Hours currently Unavailable | Wednesday: Hours currently Unavailable | Thursday: Hours currently Unavailable | Friday: Hours currently Unavailable | Saturday: Hours currently Unavailable | Sunday: Hours currently Unavailable,,,,,,,,"https://www.google.com/maps/search/?api=1&query=2222 W. Indiana Avenue Elkhart, IN 46516"
Camp Millhouse,"25600 Kelly Road South Bend, IN 46614",,,,,,,,Monday: Hours currently Unavailable | Tuesday: Hours currently Unavailable | Wednesday: Hours currently Unavailable | Thursday: Hours currently Unavailable | Friday: Hours currently Unavailable | Saturday: Hours currently Unavailable | Sunday: Hours currently Unavailable,,,,,,,,"https://www.google.com/maps/search/?api=1&query=25600 Kelly Road South Bend, IN 46614"
Carries Helping Hands,"1687 N. Michigan St, Plymouth, IN 46563",,,,,,,,Monday: Hours currently Unavailable | Tuesday: Hours currently Unavailable | Wednesday: Hours currently Unavailable | Thursday: Hours currently Unavailable | Friday: Hours currently Unavailable | Saturday: Hours currently Unavailable | Sunday: Hours currently Unavailable,,,,,,,,"https://www.google.com/maps/search/?api=1&query=1687 N. Michigan St, Plymouth, IN 46563"
Center for the Homeless,"813 S Michigan Street, South Bend, IN 46601",,,,,,,,Monday: Hours currently Unavailable | Tuesday: Hours currently Unavailable | Wednesday: Hours currently Unavailable | Thursday: Hours currently Unavailable | Friday: Hours currently Unavailable | Saturday: Hours currently Unavailable | Sunday: Hours currently Unavailable,,,,,,,,"https://www.google.com/maps/search/?api=1&query=813 S Michigan Street, South Bend, IN 46601"
Christian Center Church Food Pantry,"530 E. Ireland Road South Bend, IN 46614",,,,,,,,Monday: Hours currently Unavailable | Tuesday: Hours currently Unavailable | Wednesday: Hours currently Unavailable | Thursday: Hours currently Unavailable | Friday: Hours currently Unavailable | Saturday: Hours currently Unavailable | Sunday: Hours currently Unavailable,,,,,,,,"https://www.google.com/maps/search/?api=1&query=530 E. Ireland Road South Bend, IN 46614"
Clay UMC Food Pantry,"17646 Cleveland Rd, South Bend, IN 46635",,,,,,,,Monday: Hours currently Unavailable | Tuesday: Hours currently Unavailable | Wednesday: Hours currently Unavailable | Thursday: Hours currently Unavailable | Friday: Hours currently Unavailable | Saturday: Hours currently Unavailable | Sunday: Hours currently Unavailable,,,,,,,,"https://www.google.com/maps/search/?api=1&query=17646 Cleveland Rd, South Bend, IN 46635"
Crowned Heroes Care Center,"3575 Portage Ave, South Bend, IN 46628",,,,,,,,Monday: Hours currently Unavailable | Tuesday: Hours currently Unavailable | Wednesday: Hours currently Unavailable | Thursday: Hours currently Unavailable | Friday: Hours currently Unavailable | Saturday: Hours currently Unavailable | Sunday: Hours currently Unavailable,,,,,,,,"https://www.google.com/maps/search/?api=1&query=3575 Portage Ave, South Bend, IN 46628"
David's Courage,"10924 Lincoln Hwy, Plymouth, IN 46563",,,,,,,,Monday: Hours currently Unavailable | Tuesday: Hours currently Unavailable | Wednesday: Hours currently Unavailable | Thursday: Hours currently Unavailable | Friday: Hours currently Unavailable | Saturday: Hours currently Unavailable | Sunday: Hours currently Unavailable,,,,,,,,"https://www.google.com/maps/search/?api=1&query=10924 Lincoln Hwy, Plymouth, IN 46563"
Davis Foundation Inc.,"2404 lincoln way west,South Bend Indiana 46628",,,,,,,,Monday: Hours currently Unavailable | Tuesday: Hours currently Unavailable | Wednesday: Hours currently Unavailable | Thursday: Hours currently Unavailable | Friday: Hours currently Unavailable | Saturday: Hours currently Unavailable | Sunday: Hours currently Unavailable,,,,,,,,"https://www.google.com/maps/search/?api=1&query=2404 lincoln way west,South Bend Indiana 46628"
Divine Faith Ministries,"743 Sherman St., South Bend, IN 46616",,,,,,,,Monday: Hours currently Unavailable | Tuesday: Hours currently Unavailable | Wednesday: Hours currently Unavailable | Thursday: Hours currently Unavailable | Friday: Hours currently Unavailable | Saturday: Hours currently Unavailable | Sunday: Hours currently Unavailable,,,,,,,,"https://www.google.com/maps/search/?api=1&query=743 Sherman St., South Bend, IN 46616"
El Campito Child Development Center,1024 Thomas St. South Bend IN 46601,,,,,,,,Monday: Hours currently Unavailable | Tuesday: Hours currently Unavailable | Wednesday: Hours currently Unavailable | Thursday: Hours currently Unavailable | Friday: Hours currently Unavailable | Saturday: Hours currently Unavailable | Sunday: Hours currently Unavailable,,,,,,,,https://www.google.com/maps/search/?api=1&query=1024 Thomas St. South Bend IN 46601
Elkhart Excel Center,"2626 Prairie Street Elkhart, Indiana 46517",,,,,,,,Monday: Hours currently Unavailable | Tuesday: Hours currently Unavailable | Wednesday: Hours currently Unavailable | Thursday: Hours currently Unavailable | Friday: Hours currently Unavailable | Saturday: Hours currently Unavailable | Sunday: Hours currently Unavailable,,,,,,,,"https://www.google.com/maps/search/?api=1&query=2626 Prairie Street Elkhart, Indiana 46517"
Elkhart Schools Art Café,"1 Blazer Blvd, Elkhart, IN 46516",,,,,,,,Monday: Hours currently Unavailable | Tuesday: Hours currently Unavailable | Wednesday: Hours currently Unavailable | Thursday: Hours currently Unavailable | Friday: Hours currently Unavailable | Saturday: Hours currently Unavailable | Sunday: Hours currently Unavailable,,,,,,,,"https://www.google.com/maps/search/?api=1&query=1 Blazer Blvd, Elkhart, IN 46516"
Feed a Friend,"1310 Portage Ave, South Bend, IN 46616",,,,,,,,Monday: Hours currently Unavailable | Tuesday: Hours currently Unavailable | Wednesday: Hours currently Unavailable | Thursday: Hours currently Unavailable | Friday: Hours currently Unavailable | Saturday: Hours currently Unavailable | Sunday: Hours currently Unavailable,,,,,,,,"https://www.google.com/maps/search/?api=1&query=1310 Portage Ave, South Bend, IN 46616"
For the Good,"52491 Kenilworth Rd, South Bend, In 46637",,,,,,,,Monday: Hours currently Unavailable | Tuesday: Hours currently Unavailable | Wednesday: Hours currently Unavailable | Thursday: Hours currently Unavailable | Friday: Hours currently Unavailable | Saturday: Hours currently Unavailable | Sunday: Hours currently Unavailable,,,,,,,,"https://www.google.com/maps/search/?api=1&query=52491 Kenilworth Rd, South Bend, In 46637"
Goshen Interfaith Hospitality Network,"502 N Main St, Goshen 46528",,,,,,,,Monday: Hours currently Unavailable | Tuesday: Hours currently Unavailable | Wednesday: Hours currently Unavailable | Thursday: Hours currently Unavailable | Friday: Hours currently Unavailable | Saturday: Hours currently Unavailable | Sunday: Hours currently Unavailable,,,,,,,,"https://www.google.com/maps/search/?api=1&query=502 N Main St, Goshen 46528"
Greater New Jerusalem Missionary Baptist Church,"215 N Johnson St, South Bend, IN 46628",,,,,,,,Monday: Hours currently Unavailable | Tuesday: Hours currently Unavailable | Wednesday: Hours currently Unavailable | Thursday: Hours currently Unavailable | Friday: Hours currently Unavailable | Saturday: Hours currently Unavailable | Sunday: Hours currently Unavailable,,,,,,,,"https://www.google.com/maps/search/?api=1&query=215 N Johnson St, South Bend, IN 46628"
Gymtown Food Pantry,"30240 County Road 22 Elkhart, IN 46517",,,,,,,,Monday: Hours currently Unavailable | Tuesday: Hours currently Unavailable | Wednesday: Hours currently Unavailable | Thursday: Hours currently Unavailable | Friday: Hours currently Unavailable | Saturday: Hours currently Unavailable | Sunday: Hours currently Unavailable,,,,,,,,"https://www.google.com/maps/search/?api=1&query=30240 County Road 22 Elkhart, IN 46517"
Hannah's House - Mishawaka,"410 S Spring St, Mishawaka, IN 46544",,,,,,,,Monday: Hours currently Unavailable | Tuesday: Hours currently Unavailable | Wednesday: Hours currently Unavailable | Thursday: Hours currently Unavailable | Friday: Hours currently Unavailable | Saturday: Hours currently Unavailable | Sunday: Hours currently Unavailable,,,,,,,,"https://www.google.com/maps/search/?api=1&query=410 S Spring St, Mishawaka, IN 46544"
HEAL,"333 N Main St, South Bend, IN 46601",,,,,,,,Monday: Hours currently Unavailable | Tuesday: Hours currently Unavailable | Wednesday: Hours currently Unavailable | Thursday: Hours currently Unavailable | Friday: Hours currently Unavailable | Saturday: Hours currently Unavailable | Sunday: Hours currently Unavailable,,,,,,,,"https://www.google.com/maps/search/?api=1&query=333 N Main St, South Bend, IN 46601"
HealthLinc,"420 W 4th St, Mishawaka, IN 46544",,,,,,,,Monday: Hours currently Unavailable | Tuesday: Hours currently Unavailable | Wednesday: Hours currently Unavailable | Thursday: Hours currently Unavailable | Friday: Hours currently Unavailable | Saturday: Hours currently Unavailable | Sunday: Hours currently Unavailable,,,,,,,,"https://www.google.com/maps/search/?api=1&query=420 W 4th St, Mishawaka, IN 46544"
Heroes Camp,"4130 Hickory Rd, Mishawaka, IN 46545",,,,,,,,Monday: Hours currently Unavailable | Tuesday: Hours currently Unavailable | Wednesday: Hours currently Unavailable | Thursday: Hours currently Unavailable | Friday: Hours currently Unavailable | Saturday: Hours currently Unavailable | Sunday: Hours currently Unavailable,,,,,,,,"https://www.google.com/maps/search/?api=1&query=4130 Hickory Rd, Mishawaka, IN 46545"
Hope Avenue - Oaklawn,"2923 Hope Avenue, South Bend, IN 46615",,,,,,,,Monday: Hours currently Unavailable | Tuesday: Hours currently Unavailable | Wednesday: Hours currently Unavailable | Thursday: Hours currently Unavailable | Friday: Hours currently Unavailable | Saturday: Hours currently Unavailable | Sunday: Hours currently Unavailable,,,,,,,,"https://www.google.com/maps/search/?api=1&query=2923 Hope Avenue, South Bend, IN 46615"
Hope Ministries,"432 S Lafayette Blvd, South Bend 46601",,,,,,,,Monday: Hours currently Unavailable | Tuesday: Hours currently Unavailable | Wednesday: Hours currently Unavailable | Thursday: Hours currently Unavailable | Friday: Hours currently Unavailable | Saturday: Hours currently Unavailable | Sunday: Hours currently Unavailable,,,,,,,,"https://www.google.com/maps/search/?api=1&query=432 S Lafayette Blvd, South Bend 46601"
Hopewell Baptist Church,"1533 Prairie Ave, South Bend, IN 46613",,,,,,,,Monday: Hours currently Unavailable | Tuesday: Hours currently Unavailable | Wednesday: Hours currently Unavailable | Thursday: Hours currently Unavailable | Friday: Hours currently Unavailable | Saturday: Hours currently Unavailable | Sunday: Hours currently Unavailable,,,,,,,,"https://www.google.com/maps/search/?api=1&query=1533 Prairie Ave, South Bend, IN 46613"
Indiana Health Center (IHC) - Western,"1901 Western Ave, #B, South Bend, IN 46619",,,,,,,,Monday: Hours currently Unavailable | Tuesday: Hours currently Unavailable | Wednesday: Hours currently Unavailable | Thursday: Hours currently Unavailable | Friday: Hours currently Unavailable | Saturday: Hours currently Unavailable | Sunday: Hours currently Unavailable,,,,,,,,"https://www.google.com/maps/search/?api=1&query=1901 Western Ave, #B, South Bend, IN 46619"
Indiana Health Center (IHC) - Bendix,"1010 N Bendix Dr, South Bend, IN 46628",,,,,,,,Monday: Hours currently Unavailable | Tuesday: Hours currently Unavailable | Wednesday: Hours currently Unavailable | Thursday: Hours currently Unavailable | Friday: Hours currently Unavailable | Saturday: Hours currently Unavailable | Sunday: Hours currently Unavailable,,,,,,,,"https://www.google.com/maps/search/?api=1&query=1010 N Bendix Dr, South Bend, IN 46628"
Indiana Health Center (IHC) - Michigan St.,"765 S. Michigan Street, South Bend, IN 46601",,,,,,,,Monday: Hours currently Unavailable | Tuesday: Hours currently Unavailable | Wednesday: Hours currently Unavailable | Thursday: Hours currently Unavailable | Friday: Hours currently Unavailable | Saturday: Hours currently Unavailable | Sunday: Hours currently Unavailable,,,,,,,,"https://www.google.com/maps/search/?api=1&query=765 S. Michigan Street, South Bend, IN 46601"
Ironwood Pentecostal Church Food Pantry,"4609 S Ironwood Dr, South Bend, IN 46614",,,,,,,,Monday: Hours currently Unavailable | Tuesday: Hours currently Unavailable | Wednesday: Hours currently Unavailable | Thursday: Hours currently Unavailable | Friday: Hours currently Unavailable | Saturday: Hours currently Unavailable | Sunday: Hours currently Unavailable,,,,,,,,"https://www.google.com/maps/search/?api=1&query=4609 S Ironwood Dr, South Bend, IN 46614"
IUSB - Titans Feeding Titans,"1700 E Mishawaka Ave South Bend, IN 46615",,,,,,,,Monday: Hours currently Unavailable | Tuesday: Hours currently Unavailable | Wednesday: Hours currently Unavailable | Thursday: Hours currently Unavailable | Friday: Hours currently Unavailable | Saturday: Hours currently Unavailable | Sunday: Hours currently Unavailable,,,,,,,,"https://www.google.com/maps/search/?api=1&query=1700 E Mishawaka Ave South Bend, IN 46615"
Ivy Tech /IPI School,"424 S Michigan St #1934 South Bend, Indiana 46634",,,,,,,,Monday: Hours currently Unavailable | Tuesday: Hours currently Unavailable | Wednesday: Hours currently Unavailable | Thursday: Hours currently Unavailable | Friday: Hours currently Unavailable | Saturday: Hours currently Unavailable | Sunday: Hours currently Unavailable,,,,,,,,"https://www.google.com/maps/search/?api=1&query=424 S Michigan St #1934 South Bend, Indiana 46634"
Karl King Holdings,"515 E Monroe, South Bend, IN 46601",,,,,,,,Monday: Hours currently Unavailable | Tuesday: Hours currently Unavailable | Wednesday: Hours currently Unavailable | Thursday: Hours currently Unavailable | Friday: Hours currently Unavailable | Saturday: Hours currently Unavailable | Sunday: Hours currently Unavailable,,,,,,,,"https://www.google.com/maps/search/?api=1&query=515 E Monroe, South Bend, IN 46601"
Keller Park Church,"1003 W Bryan St, South Bend, IN 46616",,,,,,,,Monday: Hours currently Unavailable | Tuesday: Hours currently Unavailable | Wednesday: Hours currently Unavailable | Thursday: Hours currently Unavailable | Friday: Hours currently Unavailable | Saturday: Hours currently Unavailable | Sunday: Hours currently Unavailable,,,,,,,,"https://www.google.com/maps/search/?api=1&query=1003 W Bryan St, South Bend, IN 46616"
Kingdom Community Center,"2301 S Nappanee St, Elkhart, IN 46517",,,,,,,,Monday: Hours currently Unavailable | Tuesday: Hours currently Unavailable | Wednesday: Hours currently Unavailable | Thursday: Hours currently Unavailable | Friday: Hours currently Unavailable | Saturday: Hours currently Unavailable | Sunday: Hours currently Unavailable,,,,,,,,"https://www.google.com/maps/search/?api=1&query=2301 S Nappanee St, Elkhart, IN 46517"
Kingdom Impact,"2201 Toledo Rd, Elkhart, IN 46516",,,,,,,,Monday: Hours currently Unavailable | Tuesday: Hours currently Unavailable | Wednesday: Hours currently Unavailable | Thursday: Hours currently Unavailable | Friday: Hours currently Unavailable | Saturday: Hours currently Unavailable | Sunday: Hours currently Unavailable,,,,,,,,"https://www.google.com/maps/search/?api=1&query=2201 Toledo Rd, Elkhart, IN 46516"
Lakeville United Methodist Church,"610 N. Michigan St, Lakeville, IN 46536",,,,,,,,Monday: Hours currently Unavailable | Tuesday: Hours currently Unavailable | Wednesday: Hours currently Unavailable | Thursday: Hours currently Unavailable | Friday: Hours currently Unavailable | Saturday: Hours currently Unavailable | Sunday: Hours currently Unavailable,,,,,,,,"https://www.google.com/maps/search/?api=1&query=610 N. Michigan St, Lakeville, IN 46536"
Lasalle Park Homes,"3505 W Washington, South Bend 46619",,,,,,,,Monday: Hours currently Unavailable | Tuesday: Hours currently Unavailable | Wednesday: Hours currently Unavailable | Thursday: Hours currently Unavailable | Friday: Hours currently Unavailable | Saturday: Hours currently Unavailable | Sunday: Hours currently Unavailable,,,,,,,,"https://www.google.com/maps/search/?api=1&query=3505 W Washington, South Bend 46619"
Legacy Steps Pantry (First Step 2 Day Care),"1218 Chalfant St, South Bend, IN 46617",,,,,,,,Monday: Hours currently Unavailable | Tuesday: Hours currently Unavailable | Wednesday: Hours currently Unavailable | Thursday: Hours currently Unavailable | Friday: Hours currently Unavailable | Saturday: Hours currently Unavailable | Sunday: Hours currently Unavailable,,,,,,,,"https://www.google.com/maps/search/?api=1&query=1218 Chalfant St, South Bend, IN 46617"
Life LIne Youth & Family Services,"620 S. Ironwood Drive, Mishawaka, IN 46544",,,,,,,,Monday: Hours currently Unavailable | Tuesday: Hours currently Unavailable | Wednesday: Hours currently Unavailable | Thursday: Hours currently Unavailable | Friday: Hours currently Unavailable | Saturday: Hours currently Unavailable | Sunday: Hours currently Unavailable,,,,,,,,"https://www.google.com/maps/search/?api=1&query=620 S. Ironwood Drive, Mishawaka, IN 46544"
Life Treatment Center,"1402 South Michigan St, South Bend, IN 46613",,,,,,,,Monday: Hours currently Unavailable | Tuesday: Hours currently Unavailable | Wednesday: Hours currently Unavailable | Thursday: Hours currently Unavailable | Friday: Hours currently Unavailable | Saturday: Hours currently Unavailable | Sunday: Hours currently Unavailable,,,,,,,,"https://www.google.com/maps/search/?api=1&query=1402 South Michigan St, South Bend, IN 46613"
Lydick United Methodist Church,"26510 Edison Rd, South Bend, IN 46628",,,,,,,,Monday: Hours currently Unavailable | Tuesday: Hours currently Unavailable | Wednesday: Hours currently Unavailable | Thursday: Hours currently Unavailable | Friday: Hours currently Unavailable | Saturday: Hours currently Unavailable | Sunday: Hours currently Unavailable,,,,,,,,"https://www.google.com/maps/search/?api=1&query=26510 Edison Rd, South Bend, IN 46628"
Maple Leaf Commons,"2926 Elkhart Rd, Goshen, IN 46506",,,,,,,,Monday: Hours currently Unavailable | Tuesday: Hours currently Unavailable | Wednesday: Hours currently Unavailable | Thursday: Hours currently Unavailable | Friday: Hours currently Unavailable | Saturday: Hours currently Unavailable | Sunday: Hours currently Unavailable,,,,,,,,"https://www.google.com/maps/search/?api=1&query=2926 Elkhart Rd, Goshen, IN 46506"
Maranatha Missionary Baptist Church,"1819 Prairie Ave, South Bend, IN 46613",,,,,,,,Monday: Hours currently Unavailable | Tuesday: Hours currently Unavailable | Wednesday: Hours currently Unavailable | Thursday: Hours currently Unavailable | Friday: Hours currently Unavailable | Saturday: Hours currently Unavailable | Sunday: Hours currently Unavailable,,,,,,,,"https://www.google.com/maps/search/?api=1&query=1819 Prairie Ave, South Bend, IN 46613"
MARIAN UNIVERSITY’S ANCILLA COLLEGE,"20097 9B Road Plymouth, IN 46563",,,,,,,,Monday: Hours currently Unavailable | Tuesday: Hours currently Unavailable | Wednesday: Hours currently Unavailable | Thursday: Hours currently Unavailable | Friday: Hours currently Unavailable | Saturday: Hours currently Unavailable | Sunday: Hours currently Unavailable,,,,,,,,"https://www.google.com/maps/search/?api=1&query=20097 9B Road Plymouth, IN 46563"
Marshall County Neighborhood Center,"402 W Garro St, Plymouth, IN 46563",,,,,,,,Monday: Hours currently Unavailable | Tuesday: Hours currently Unavailable | Wednesday: Hours currently Unavailable | Thursday: Hours currently Unavailable | Friday: Hours currently Unavailable | Saturday: Hours currently Unavailable | Sunday: Hours currently Unavailable,,,,,,,,"https://www.google.com/maps/search/?api=1&query=402 W Garro St, Plymouth, IN 46563"
Miami Hill Apartments,"3534 High Street, South Bend, IN 46614",,,,,,,,Monday: Hours currently Unavailable | Tuesday: Hours currently Unavailable | Wednesday: Hours currently Unavailable | Thursday: Hours currently Unavailable | Friday: Hours currently Unavailable | Saturday: Hours currently Unavailable | Sunday: Hours currently Unavailable,,,,,,,,"https://www.google.com/maps/search/?api=1&query=3534 High Street, South Bend, IN 46614"
Miami Village Church,"1905 Miami St, South Bend, IN 46613",,,,,,,,Monday: Hours currently Unavailable | Tuesday: Hours currently Unavailable | Wednesday: Hours currently Unavailable | Thursday: Hours currently Unavailable | Friday: Hours currently Unavailable | Saturday: Hours currently Unavailable | Sunday: Hours currently Unavailable,,,,,,,,"https://www.google.com/maps/search/?api=1&query=1905 Miami St, South Bend, IN 46613"
Michiana Christian Community,"1217 S. Logan, South Bend, IN 46615",,,,,,,,Monday: Hours currently Unavailable | Tuesday: Hours currently Unavailable | Wednesday: Hours currently Unavailable | Thursday: Hours currently Unavailable | Friday: Hours currently Unavailable | Saturday: Hours currently Unavailable | Sunday: Hours currently Unavailable,,,,,,,,"https://www.google.com/maps/search/?api=1&query=1217 S. Logan, South Bend, IN 46615"
Miracle Lyfe Foundation (Lexys Cradle of Love),"1323 Miami Street, South Bend, IN 46601",,,,,,,,Monday: Hours currently Unavailable | Tuesday: Hours currently Unavailable | Wednesday: Hours currently Unavailable | Thursday: Hours currently Unavailable | Friday: Hours currently Unavailable | Saturday: Hours currently Unavailable | Sunday: Hours currently Unavailable,,,,,,,,"https://www.google.com/maps/search/?api=1&query=1323 Miami Street, South Bend, IN 46601"
Monastery of the Holy Martyrs,"1000 South Michigan Street, Plymouth, IN 46563",,,,,,,,Monday: Hours currently Unavailable | Tuesday: Hours currently Unavailable | Wednesday: Hours currently Unavailable | Thursday: Hours currently Unavailable | Friday: Hours currently Unavailable | Saturday: Hours currently Unavailable | Sunday: Hours currently Unavailable,,,,,,,,"https://www.google.com/maps/search/?api=1&query=1000 South Michigan Street, Plymouth, IN 46563"
Navarre Middle School,"4702 Ford St, South Bend IN 46619",,,,,,,,Monday: Hours currently Unavailable | Tuesday: Hours currently Unavailable | Wednesday: Hours currently Unavailable | Thursday: Hours currently Unavailable | Friday: Hours currently Unavailable | Saturday: Hours currently Unavailable | Sunday: Hours currently Unavailable,,,,,,,,"https://www.google.com/maps/search/?api=1&query=4702 Ford St, South Bend IN 46619"
NE Neighborhood Center,"803 N Notre Dame Avenue, South Bend, IN 46617",,,,,,,,Monday: Hours currently Unavailable | Tuesday: Hours currently Unavailable | Wednesday: Hours currently Unavailable | Thursday: Hours currently Unavailable | Friday: Hours currently Unavailable | Saturday: Hours currently Unavailable | Sunday: Hours currently Unavailable,,,,,,,,"https://www.google.com/maps/search/?api=1&query=803 N Notre Dame Avenue, South Bend, IN 46617"
New Beginnings Church of Deliverance,"1817 S Ironwood Dr, South Bend, IN 46613",,,,,,,,Monday: Hours currently Unavailable | Tuesday: Hours currently Unavailable | Wednesday: Hours currently Unavailable | Thursday: Hours currently Unavailable | Friday: Hours currently Unavailable | Saturday: Hours currently Unavailable | Sunday: Hours currently Unavailable,,,,,,,,"https://www.google.com/maps/search/?api=1&query=1817 S Ironwood Dr, South Bend, IN 46613"
New Carlisle Food Pantry,"300 E. Compton St, New Carlisle, IN 46552",,,,,,,,Monday: Hours currently Unavailable | Tuesday: Hours currently Unavailable | Wednesday: Hours currently Unavailable | Thursday: Hours currently Unavailable | Friday: Hours currently Unavailable | Saturday: Hours currently Unavailable | Sunday: Hours currently Unavailable,,,,,,,,"https://www.google.com/maps/search/?api=1&query=300 E. Compton St, New Carlisle, IN 46552"
Northern Indiana Atheists,"503 South Michigan Street, South Bend, IN 46601",,,,,,,,Monday: Hours currently Unavailable | Tuesday: Hours currently Unavailable | Wednesday: Hours currently Unavailable | Thursday: Hours currently Unavailable | Friday: Hours currently Unavailable | Saturday: Hours currently Unavailable | Sunday: Hours currently Unavailable,,,,,,,,"https://www.google.com/maps/search/?api=1&query=503 South Michigan Street, South Bend, IN 46601"
Oak Haven,"500 S Montgomery St Bremen, IN 46506",,,,,,,,Monday: Hours currently Unavailable | Tuesday: Hours currently Unavailable | Wednesday: Hours currently Unavailable | Thursday: Hours currently Unavailable | Friday: Hours currently Unavailable | Saturday: Hours currently Unavailable | Sunday: Hours currently Unavailable,,,,,,,,"https://www.google.com/maps/search/?api=1&query=500 S Montgomery St Bremen, IN 46506"
Oak Street Health,"4401 W. Western Ave, South Bend, IN 46619",,,,,,,,Monday: Hours currently Unavailable | Tuesday: Hours currently Unavailable | Wednesday: Hours currently Unavailable | Thursday: Hours currently Unavailable | Friday: Hours currently Unavailable | Saturday: Hours currently Unavailable | Sunday: Hours currently Unavailable,,,,,,,,"https://www.google.com/maps/search/?api=1&query=4401 W. Western Ave, South Bend, IN 46619"
Oaklawn Psychiatric Center - Oaklawn,"415 E Madison St, South Bend, IN 46617",,,,,,,,Monday: Hours currently Unavailable | Tuesday: Hours currently Unavailable | Wednesday: Hours currently Unavailable | Thursday: Hours currently Unavailable | Friday: Hours currently Unavailable | Saturday: Hours currently Unavailable | Sunday: Hours currently Unavailable,,,,,,,,"https://www.google.com/maps/search/?api=1&query=415 E Madison St, South Bend, IN 46617"
Oliver Apartments - Oaklawn,"924 W. Indiana Ave. South Bend, 46613",,,,,,,,Monday: Hours currently Unavailable | Tuesday: Hours currently Unavailable | Wednesday: Hours currently Unavailable | Thursday: Hours currently Unavailable | Friday: Hours currently Unavailable | Saturday: Hours currently Unavailable | Sunday: Hours currently Unavailable,,,,,,,,"https://www.google.com/maps/search/?api=1&query=924 W. Indiana Ave. South Bend, 46613"
Opengate Food Pantry,"173 Division St. Elkhart, IN 46516",,,,,,,,Monday: Hours currently Unavailable | Tuesday: Hours currently Unavailable | Wednesday: Hours currently Unavailable | Thursday: Hours currently Unavailable | Friday: Hours currently Unavailable | Saturday: Hours currently Unavailable | Sunday: Hours currently Unavailable,,,,,,,,"https://www.google.com/maps/search/?api=1&query=173 Division St. Elkhart, IN 46516"
Our Lady of the Road,"744 South Main St, South Bend, IN 46601",,,,,,,,Monday: Hours currently Unavailable | Tuesday: Hours currently Unavailable | Wednesday: Hours currently Unavailable | Thursday: Hours currently Unavailable | Friday: Hours currently Unavailable | Saturday: Hours currently Unavailable | Sunday: Hours currently Unavailable,,,,,,,,"https://www.google.com/maps/search/?api=1&query=744 South Main St, South Bend, IN 46601"
Plymouth Baptist,"11345 9A Road, Plymouth, IN 46563",,,,,,,,Monday: Hours currently Unavailable | Tuesday: Hours currently Unavailable | Wednesday: Hours currently Unavailable | Thursday: Hours currently Unavailable | Friday: Hours currently Unavailable | Saturday: Hours currently Unavailable | Sunday: Hours currently Unavailable,,,,,,,,"https://www.google.com/maps/search/?api=1&query=11345 9A Road, Plymouth, IN 46563"
Progressive Missionary Baptist Church (PMBC),"1232 E Bronson Street, South Bend, IN 46615",,,,,,,,Monday: Hours currently Unavailable | Tuesday: Hours currently Unavailable | Wednesday: Hours currently Unavailable | Thursday: Hours currently Unavailable | Friday: Hours currently Unavailable | Saturday: Hours currently Unavailable | Sunday: Hours currently Unavailable,,,,,,,,"https://www.google.com/maps/search/?api=1&query=1232 E Bronson Street, South Bend, IN 46615"
Project Scope,"1333 West Lusher Ave, Elkhart, IN 46517",,,,,,,,Monday: Hours currently Unavailable | Tuesday: Hours currently Unavailable | Wednesday: Hours currently Unavailable | Thursday: Hours currently Unavailable | Friday: Hours currently Unavailable | Saturday: Hours currently Unavailable | Sunday: Hours currently Unavailable,,,,,,,,"https://www.google.com/maps/search/?api=1&query=1333 West Lusher Ave, Elkhart, IN 46517"
Real Services,"1151 S. Michigan St. South Bend, IN 46601",,,,,,,,Monday: Hours currently Unavailable | Tuesday: Hours currently Unavailable | Wednesday: Hours currently Unavailable | Thursday: Hours currently Unavailable | Friday: Hours currently Unavailable | Saturday: Hours currently Unavailable | Sunday: Hours currently Unavailable,,,,,,,,"https://www.google.com/maps/search/?api=1&query=1151 S. Michigan St. South Bend, IN 46601"
RETA Pregnancy Clinic & Family Resources,"116 W. Jackson Blvd, Elkhart, IN 46516",,,,,,,,Monday: Hours currently Unavailable | Tuesday: Hours currently Unavailable | Wednesday: Hours currently Unavailable | Thursday: Hours currently Unavailable | Friday: Hours currently Unavailable | Saturday: Hours currently Unavailable | Sunday: Hours currently Unavailable,,,,,,,,"https://www.google.com/maps/search/?api=1&query=116 W. Jackson Blvd, Elkhart, IN 46516"
River Bend Cancer Services,"3516 E Jefferson Blvd, South Bend, IN 46615",,,,,,,,Monday: Hours currently Unavailable | Tuesday: Hours currently Unavailable | Wednesday: Hours currently Unavailable | Thursday: Hours currently Unavailable | Friday: Hours currently Unavailable | Saturday: Hours currently Unavailable | Sunday: Hours currently Unavailable,,,,,,,,"https://www.google.com/maps/search/?api=1&query=3516 E Jefferson Blvd, South Bend, IN 46615"
River Park United Methodist Church,"920 S. 23rd St. South Bend, In 46615",,,,,,,,Monday: Hours currently Unavailable | Tuesday: Hours currently Unavailable | Wednesday: Hours currently Unavailable | Thursday: Hours currently Unavailable | Friday: Hours currently Unavailable | Saturday: Hours currently Unavailable | Sunday: Hours currently Unavailable,,,,,,,,"https://www.google.com/maps/search/?api=1&query=920 S. 23rd St. South Bend, In 46615"
Robertson's Apartments,"211 S. Michigan St, South Bend, IN 46601",,,,,,,,Monday: Hours currently Unavailable | Tuesday: Hours currently Unavailable | Wednesday: Hours currently Unavailable | Thursday: Hours currently Unavailable | Friday: Hours currently Unavailable | Saturday: Hours currently Unavailable | Sunday: Hours currently Unavailable,,,,,,,,"https://www.google.com/maps/search/?api=1&query=211 S. Michigan St, South Bend, IN 46601"
Robinson Community Learning Center,"1004 Eddy St., South Bend, IN 46617",,,,,,,,Monday: Hours currently Unavailable | Tuesday: Hours currently Unavailable | Wednesday: Hours currently Unavailable | Thursday: Hours currently Unavailable | Friday: Hours currently Unavailable | Saturday: Hours currently Unavailable | Sunday: Hours currently Unavailable,,,,,,,,"https://www.google.com/maps/search/?api=1&query=1004 Eddy St., South Bend, IN 46617"
Ronald McDonald House,"610 N Michigan St; Suite 310, South Bend, IN 46601",,,,,,,,Monday: Hours currently Unavailable | Tuesday: Hours currently Unavailable | Wednesday: Hours currently Unavailable | Thursday: Hours currently Unavailable | Friday: Hours currently Unavailable | Saturday: Hours currently Unavailable | Sunday: Hours currently Unavailable,,,,,,,,"https://www.google.com/maps/search/?api=1&query=610 N Michigan St; Suite 310, South Bend, IN 46601"
S.A.K.A.L the Center,"430 N 2nd St, Elkhart, IN 46514",,,,,,,,Monday: Hours currently Unavailable | Tuesday: Hours currently Unavailable | Wednesday: Hours currently Unavailable | Thursday: Hours currently Unavailable | Friday: Hours currently Unavailable | Saturday: Hours currently Unavailable | Sunday: Hours currently Unavailable,,,,,,,,"https://www.google.com/maps/search/?api=1&query=430 N 2nd St, Elkhart, IN 46514"
Serenity House,"30240 County Road 22, Plymouth, IN 46517",,,,,,,,Monday: Hours currently Unavailable | Tuesday: Hours currently Unavailable | Wednesday: Hours currently Unavailable | Thursday: Hours currently Unavailable | Friday: Hours currently Unavailable | Saturday: Hours currently Unavailable | Sunday: Hours currently Unavailable,,,,,,,,"https://www.google.com/maps/search/?api=1&query=30240 County Road 22, Plymouth, IN 46517"
Shepherd's Food Pantry Argos United Methodist Church,"570 N. Michigan St. Argos, IN 46501",,,,,,,,Monday: Hours currently Unavailable | Tuesday: Hours currently Unavailable | Wednesday: Hours currently Unavailable | Thursday: Hours currently Unavailable | Friday: Hours currently Unavailable | Saturday: Hours currently Unavailable | Sunday: Hours currently Unavailable,,,,,,,,"https://www.google.com/maps/search/?api=1&query=570 N. Michigan St. Argos, IN 46501"
Society of St. Vincent de Paul at St. Joseph Catholic Parish,"220 W 4th Street, Mishawaka, IN 46544",,,,,,,,Monday: Hours currently Unavailable | Tuesday: Hours currently Unavailable | Wednesday: Hours currently Unavailable | Thursday: Hours currently Unavailable | Friday: Hours currently Unavailable | Saturday: Hours currently Unavailable | Sunday: Hours currently Unavailable,,,,,,,,"https://www.google.com/maps/search/?api=1&query=220 W 4th Street, Mishawaka, IN 46544"
Spa Ministries Homes,"3404 Toledo Road, Elkhart, IN 46516",,,,,,,,Monday: Hours currently Unavailable | Tuesday: Hours currently Unavailable | Wednesday: Hours currently Unavailable | Thursday: Hours currently Unavailable | Friday: Hours currently Unavailable | Saturday: Hours currently Unavailable | Sunday: Hours currently Unavailable,,,,,,,,"https://www.google.com/maps/search/?api=1&query=3404 Toledo Road, Elkhart, IN 46516"
St Adalbert & St. Casimir Conference,"2505 W Grace St, South Bend, IN 46619",,,,,,,,Monday: Hours currently Unavailable | Tuesday: Hours currently Unavailable | Wednesday: Hours currently Unavailable | Thursday: Hours currently Unavailable | Friday: Hours currently Unavailable | Saturday: Hours currently Unavailable | Sunday: Hours currently Unavailable,,,,,,,,"https://www.google.com/maps/search/?api=1&query=2505 W Grace St, South Bend, IN 46619"
St Augustine Parish,"1501 W Washington St, South Bend, IN 46628",,,,,,,,Monday: Hours currently Unavailable | Tuesday: Hours currently Unavailable | Wednesday: Hours currently Unavailable | Thursday: Hours currently Unavailable | Friday: Hours currently Unavailable | Saturday: Hours currently Unavailable | Sunday: Hours currently Unavailable,,,,,,,,"https://www.google.com/maps/search/?api=1&query=1501 W Washington St, South Bend, IN 46628"
St Joe County Health Dept - Maternal Infant Health,"227 W. Jefferson Boulevard, South Bend IN 46601",,,,,,,,Monday: Hours currently Unavailable | Tuesday: Hours currently Unavailable | Wednesday: Hours currently Unavailable | Thursday: Hours currently Unavailable | Friday: Hours currently Unavailable | Saturday: Hours currently Unavailable | Sunday: Hours currently Unavailable,,,,,,,,"https://www.google.com/maps/search/?api=1&query=227 W. Jefferson Boulevard, South Bend IN 46601"
St Joe County Public Library,"304 S Main St, South Bend, IN 46601",,,,,,,,Monday: Hours currently Unavailable | Tuesday: Hours currently Unavailable | Wednesday: Hours currently Unavailable | Thursday: Hours currently Unavailable | Friday: Hours currently Unavailable | Saturday: Hours currently Unavailable | Sunday: Hours currently Unavailable,,,,,,,,"https://www.google.com/maps/search/?api=1&query=304 S Main St, South Bend, IN 46601"
St Paul Bethel Missionary Baptist Church,"621 Lindsey St, South Bend, IN 46616",,,,,,,,Monday: Hours currently Unavailable | Tuesday: Hours currently Unavailable | Wednesday: Hours currently Unavailable | Thursday: Hours currently Unavailable | Friday: Hours currently Unavailable | Saturday: Hours currently Unavailable | Sunday: Hours currently Unavailable,,,,,,,,"https://www.google.com/maps/search/?api=1&query=621 Lindsey St, South Bend, IN 46616"
St Vincent de Paul - Christ the King,"52473 S R 933, South Bend, IN 46637",,,,,,,,Monday: Hours currently Unavailable | Tuesday: Hours currently Unavailable | Wednesday: Hours currently Unavailable | Thursday: Hours currently Unavailable | Friday: Hours currently Unavailable | Saturday: Hours currently Unavailable | Sunday: Hours currently Unavailable,,,,,,,,"https://www.google.com/maps/search/?api=1&query=52473 S R 933, South Bend, IN 46637"
"St Vincent de Paul - St Joe Parrish, South Bend","701 E. Colfax, South Bend, IN 46617",,,,,,,,Monday: Hours currently Unavailable | Tuesday: Hours currently Unavailable | Wednesday: Hours currently Unavailable | Thursday: Hours currently Unavailable | Friday: Hours currently Unavailable | Saturday: Hours currently Unavailable | Sunday: Hours currently Unavailable,,,,,,,,"https://www.google.com/maps/search/?api=1&query=701 E. Colfax, South Bend, IN 46617"
St Vincent de Paul - St Pius,"52553 N Fir Rd, Granger, IN 46530",,,,,,,,Monday: Hours currently Unavailable | Tuesday: Hours currently Unavailable | Wednesday: Hours currently Unavailable | Thursday: Hours currently Unavailable | Friday: Hours currently Unavailable | Saturday: Hours currently Unavailable | Sunday: Hours currently Unavailable,,,,,,,,"https://www.google.com/maps/search/?api=1&query=52553 N Fir Rd, Granger, IN 46530"
St Vincent de Paul - St Thomas,"1108 S Main St, Elkhart, IN 46516",,,,,,,,Monday: Hours currently Unavailable | Tuesday: Hours currently Unavailable | Wednesday: Hours currently Unavailable | Thursday: Hours currently Unavailable | Friday: Hours currently Unavailable | Saturday: Hours currently Unavailable | Sunday: Hours currently Unavailable,,,,,,,,"https://www.google.com/maps/search/?api=1&query=1108 S Main St, Elkhart, IN 46516"
St. Paul Lutheran Church South Bend,"51490 Laurel Road, South Bend, IN 46637",,,,,,,,Monday: Hours currently Unavailable | Tuesday: Hours currently Unavailable | Wednesday: Hours currently Unavailable | Thursday: Hours currently Unavailable | Friday: Hours currently Unavailable | Saturday: Hours currently Unavailable | Sunday: Hours currently Unavailable,,,,,,,,"https://www.google.com/maps/search/?api=1&query=51490 Laurel Road, South Bend, IN 46637"
Storehouse Food Pantry,"2221 S. Ironwood Drive, South Bend, IN 46613",,,,,,,,Monday: Hours currently Unavailable | Tuesday: Hours currently Unavailable | Wednesday: Hours currently Unavailable | Thursday: Hours currently Unavailable | Friday: Hours currently Unavailable | Saturday: Hours currently Unavailable | Sunday: Hours currently Unavailable,,,,,,,,"https://www.google.com/maps/search/?api=1&query=2221 S. Ironwood Drive, South Bend, IN 46613"
Strengthening Indiana Families,"612 E. Bristol Street, Elkhart, IN 46514",,,,,,,,Monday: Hours currently Unavailable | Tuesday: Hours currently Unavailable | Wednesday: Hours currently Unavailable | Thursday: Hours currently Unavailable | Friday: Hours currently Unavailable | Saturday: Hours currently Unavailable | Sunday: Hours currently Unavailable,,,,,,,,"https://www.google.com/maps/search/?api=1&query=612 E. Bristol Street, Elkhart, IN 46514"
The Center,"107 E Marion St, Nappanee, IN 46550",,,,,,,,Monday: Hours currently Unavailable | Tuesday: Hours currently Unavailable | Wednesday: Hours currently Unavailable | Thursday: Hours currently Unavailable | Friday: Hours currently Unavailable | Saturday: Hours currently Unavailable | Sunday: Hours currently Unavailable,,,,,,,,"https://www.google.com/maps/search/?api=1&query=107 E Marion St, Nappanee, IN 46550"
The Grace Place,"401 S Main St, South Bend, IN 46601",,,,,,,,Monday: Hours currently Unavailable | Tuesday: Hours currently Unavailable | Wednesday: Hours currently Unavailable | Thursday: Hours currently Unavailable | Friday: Hours currently Unavailable | Saturday: Hours currently Unavailable | Sunday: Hours currently Unavailable,,,,,,,,"https://www.google.com/maps/search/?api=1&query=401 S Main St, South Bend, IN 46601"
The Hub Bristol,"101 W Vistula St, Bristol, IN 46507",,,,,,,,Monday: Hours currently Unavailable | Tuesday: Hours currently Unavailable | Wednesday: Hours currently Unavailable | Thursday: Hours currently Unavailable | Friday: Hours currently Unavailable | Saturday: Hours currently Unavailable | Sunday: Hours currently Unavailable,,,,,,,,"https://www.google.com/maps/search/?api=1&query=101 W Vistula St, Bristol, IN 46507"
The Village Community Center,"215 E Indiana Ave Elkhart, IN 46516",,,,,,,,Monday: Hours currently Unavailable | Tuesday: Hours currently Unavailable | Wednesday: Hours currently Unavailable | Thursday: Hours currently Unavailable | Friday: Hours currently Unavailable | Saturday: Hours currently Unavailable | Sunday: Hours currently Unavailable,,,,,,,,"https://www.google.com/maps/search/?api=1&query=215 E Indiana Ave Elkhart, IN 46516"
The Walorski Family Foundation,"5936 Barcus Way, South Bend, IN 46614",,,,,,,,Monday: Hours currently Unavailable | Tuesday: Hours currently Unavailable | Wednesday: Hours currently Unavailable | Thursday: Hours currently Unavailable | Friday: Hours currently Unavailable | Saturday: Hours currently Unavailable | Sunday: Hours currently Unavailable,,,,,,,,"https://www.google.com/maps/search/?api=1&query=5936 Barcus Way, South Bend, IN 46614"
Tolson Center,"1320 Benham Ave, Elkhart, IN 46516",,,,,,,,Monday: Hours currently Unavailable | Tuesday: Hours currently Unavailable | Wednesday: Hours currently Unavailable | Thursday: Hours currently Unavailable | Friday: Hours currently Unavailable | Saturday: Hours currently Unavailable | Sunday: Hours currently Unavailable,,,,,,,,"https://www.google.com/maps/search/?api=1&query=1320 Benham Ave, Elkhart, IN 46516"
Transformation Ministries,"1519 Portage Avenue, South Bend, IN 46616",,,,,,,,Monday: Hours currently Unavailable | Tuesday: Hours currently Unavailable | Wednesday: Hours currently Unavailable | Thursday: Hours currently Unavailable | Friday: Hours currently Unavailable | Saturday: Hours currently Unavailable | Sunday: Hours currently Unavailable,,,,,,,,"https://www.google.com/maps/search/?api=1&query=1519 Portage Avenue, South Bend, IN 46616"
Unity Gardens,"3701 Prast Blvd, South Bend, IN 46628",,,,,,,,Monday: Hours currently Unavailable | Tuesday: Hours currently Unavailable | Wednesday: Hours currently Unavailable | Thursday: Hours currently Unavailable | Friday: Hours currently Unavailable | Saturday: Hours currently Unavailable | Sunday: Hours currently Unavailable,,,,,,,,"https://www.google.com/maps/search/?api=1&query=3701 Prast Blvd, South Bend, IN 46628"
Upper Room Recovery Cafe,"333 N Main St, South Bend, IN 46601",,,,,,,,Monday: Hours currently Unavailable | Tuesday: Hours currently Unavailable | Wednesday: Hours currently Unavailable | Thursday: Hours currently Unavailable | Friday: Hours currently Unavailable | Saturday: Hours currently Unavailable | Sunday: Hours currently Unavailable,,,,,,,,"https://www.google.com/maps/search/?api=1&query=333 N Main St, South Bend, IN 46601"
Village Food Pantry,"55501 Moss Rd, South Bend, 46628",,,,,,,,Monday: Hours currently Unavailable | Tuesday: Hours currently Unavailable | Wednesday: Hours currently Unavailable | Thursday: Hours currently Unavailable | Friday: Hours currently Unavailable | Saturday: Hours currently Unavailable | Sunday: Hours currently Unavailable,,,,,,,,"https://www.google.com/maps/search/?api=1&query=55501 Moss Rd, South Bend, 46628"
West Side Church of Christ,"22987 Edison Rd, South Bend, IN 46628",,,,,,,,Monday: Hours currently Unavailable | Tuesday: Hours currently Unavailable | Wednesday: Hours currently Unavailable | Thursday: Hours currently Unavailable | Friday: Hours currently Unavailable | Saturday: Hours currently Unavailable | Sunday: Hours currently Unavailable,,,,,,,,"https://www.google.com/maps/search/?api=1&query=22987 Edison Rd, South Bend, IN 46628"
World Harvest Church,"1610 S. Nappanee St, Elkhart, IN 46516",,,,,,,,Monday: Hours currently Unavailable | Tuesday: Hours currently Unavailable | Wednesday: Hours currently Unavailable | Thursday: Hours currently Unavailable | Friday: Hours currently Unavailable | Saturday: Hours currently Unavailable | Sunday: Hours currently Unavailable,,,,,,,,"https://www.google.com/maps/search/?api=1&query=1610 S. Nappanee St, Elkhart, IN 46516"
Youth Services Bureau of St Joe County,"2222 Lincoln Way W, South Bend, IN 46601",,,,,,,,Monday: Hours currently Unavailable | Tuesday: Hours currently Unavailable | Wednesday: Hours currently Unavailable | Thursday: Hours currently Unavailable | Friday: Hours currently Unavailable | Saturday: Hours currently Unavailable | Sunday: Hours currently Unavailable,,,,,,,,"https://www.google.com/maps/search/?api=1&query=2222 Lincoln Way W, South Bend, IN 46601"
YWCA,"1202 Fellows Street, South Bend, IN 46601",,,,,,,,Monday: Hours currently Unavailable | Tuesday: Hours currently Unavailable | Wednesday: Hours currently Unavailable | Thursday: Hours currently Unavailable | Friday: Hours currently Unavailable | Saturday: Hours currently Unavailable | Sunday: Hours currently Unavailable,,,,,,,,"https://www.google.com/maps/search/?api=1&query=1202 Fellows Street, South Bend, IN 46601"
The Window - Katie's Kitchen,"223 S Main St, Goshen, IN 46526",,,,,,,,Monday: Hours currently Unavailable | Tuesday: Hours currently Unavailable | Wednesday: Hours currently Unavailable | Thursday: Hours currently Unavailable | Friday: Hours currently Unavailable | Saturday: Hours currently Unavailable | Sunday: Hours currently Unavailable,,,,,,,,"https://www.google.com/maps/search/?api=1&query=223 S Main St, Goshen, IN 46526"
South Gate Food Pantry,"3717 S Michigan St, South Bend, IN 46614",,,,,,,,Monday: Hours currently Unavailable | Tuesday: Hours currently Unavailable | Wednesday: Hours currently Unavailable | Thursday: Hours currently Unavailable | Friday: Hours currently Unavailable | Saturday: Hours currently Unavailable | Sunday: Hours currently Unavailable,,,,,,,,"https://www.google.com/maps/search/?api=1&query=3717 S Michigan St, South Bend, IN 46614"